Hugo_Symbol,baseMean,log2FoldChange,lfcSE,stat,pvalue,padj
ABCC11,4.911532009548587,-1.1953194160709881,0.2911043660374434,-4.10615420284435,4.0230097023745516e-05,0.004206066709955336
ACSS3,18.73960741003836,1.0039727935876943,0.31698875579614255,3.1672189477703605,0.0015390439602665923,0.044210226931912865
ACTL8,29.944918899722555,-1.7894720495717118,0.52875714341871,-3.3842985798769094,0.0007136035537066971,0.029002660601773745
ADAMTSL4,792.3305666579233,-1.2930499504662545,0.2777277346225817,-4.6558185923470905,3.226959781002737e-06,0.0006825378487907567
ADARB2,14.781106300435646,-1.4161601261926824,0.4319238074198343,-3.2787267149091424,0.001042765653753857,0.03634444559610467
ADGRG7,5.245092454520602,2.2010473535324495,0.584051664872067,3.7685833050652735,0.00016417669460599884,0.011445191906880106
AHSG,3.4840164592722926,-1.8049171698922961,0.5174010917173752,-3.488429380582391,0.00048586714791238846,0.022272455614183572
AJAP1,16.804907621786796,-1.5626020927549338,0.3447870538815248,-4.532078786496063,5.840605668535621e-06,0.001079434655400428
ALB,17.814879815513198,-3.1418197337129845,0.5725455267925248,-5.4874583534236505,4.07758109306043e-08,1.9902777868589318e-05
ALPG,42.340577626430495,-2.239120052236654,0.6052862844301844,-3.6992743926860303,0.0002162167424864948,0.013450659836512793
AMDHD1,33.685487080941776,-1.673795973012283,0.3331987990862543,-5.0234153832559025,5.076059439016007e-07,0.000158063765472233
ANKRD1,10.686889560319008,-1.682146291080019,0.42535036526598735,-3.954731036913793,7.66207989705829e-05,0.006570060942360433
AP3B2,77.2976541652557,-1.0556734898151892,0.331995119292879,-3.17978617295243,0.0014738376258724788,0.04315693327331639
APCDD1L,32.00797719508023,-1.2585288824461809,0.37388231923159143,-3.366109649241313,0.0007623639760885379,0.030169658401604224
APOA2,4.081214323099918,-3.5019293009055774,1.1196799187830724,-3.1276164215856084,0.0017623000922176064,0.04873799282015955
AR,16.923108569850164,-1.7669593053506194,0.37468006640967094,-4.71591489315753,2.406270099744584e-06,0.0005948799690745182
ARG1,2.712976667086879,-2.02270561717952,0.5604049095422623,-3.6093645554098774,0.0003069479903528162,0.016985645187082003
ARSE,88.09378726393767,1.6672616351070328,0.43391923131379295,3.842331740077536,0.00012187095984195776,0.009206093617267888
ATF3,2114.07007643167,1.3268758037226134,0.20837271284848555,6.367800205622062,1.9175847460430275e-10,2.807934094282698e-07
B4GALNT2,21.32723192145097,-1.9958111124182192,0.5683314872282663,-3.51170251388274,0.00044524608957590225,0.02145747990168829
BCAR4,4.850322638709001,-4.547465077270881,1.1344339312780556,-4.008576393821099,6.108587849994774e-05,0.005617540015096644
BEST2,9.496806431394727,-2.0582973296177034,0.5077682513817426,-4.05361564851022,5.0432050421613575e-05,0.004898084244009367
BHMT2,18.151536712974263,-1.0560955256341182,0.33000456808558315,-3.200245171637234,0.0013731073126856804,0.041888575006866366
BMPER,15.450395648923095,-2.2260399890142533,0.3669876314987474,-6.065708481572766,1.3137323161524485e-09,1.316221493172527e-06
BNIP5,5.7015439045893626,1.8351080792726506,0.3910163460768488,4.693174844695586,2.6899739435533096e-06,0.000620656908224401
BPIFB4,4.25450730200315,-2.1086248136259473,0.6472598816138444,-3.257771528135517,0.0011229077360797146,0.03790012706385363
BTNL8,3.9833629777171944,3.2155517584813267,0.3634428323933634,8.847476059181306,8.952083198382709e-19,1.7041185576441323e-14
C11orf86,8.014583467636115,-3.597958463551859,0.7258238245982005,-4.957068563495565,7.156472730485386e-07,0.00020641002257199971
C17orf77,5.178550850691665,-3.1712873222916045,0.8178310213075242,-3.8776804005568826,0.00010545712596456807,0.008261242180500073
C1orf127,6.492491913519258,1.4559079489579594,0.23008490458306569,6.327698688430665,2.4884444826455854e-10,3.158001944776091e-07
C20orf197,10.977396897974774,-1.198954687927535,0.3380126981630719,-3.547069960517009,0.00038954113323039143,0.0196692440641213
C21orf15,65.45941258011149,-2.0137359703329194,0.3909535284607291,-5.150832065031988,2.593333260386864e-07,9.493594604754682e-05
C6orf71,16.987583910244417,1.6614657852978372,0.5252606242733596,3.163126471922948,0.0015608450772605566,0.04459715367533186
C9orf157,28.822713062097833,-4.5739882204705244,1.1002266130894809,-4.157314653230011,3.220103381071971e-05,0.003563830695470119
CASC1,20.23346191265429,1.245123985181798,0.34883855614370923,3.56934164315498,0.00035787946696535275,0.01878016325060737
CCBE1,40.99028443998899,-1.8560764240859273,0.4577847521775988,-4.054474106568446,5.024721565174039e-05,0.004898084244009367
CCDC144NL,3.7388698060429424,-2.536736893641149,0.6752933959536839,-3.7564959302743364,0.00017230907224498546,0.011663752897894007
CCK,17.957597810104208,-1.8182558235231012,0.45901051266444565,-3.961250937301116,7.455812605618551e-05,0.006495772024261947
CCKBR,4.730420320623522,-4.002780355107628,0.8410942441593051,-4.759015274332912,1.9453971539649816e-06,0.0004937677363050319
CCL25,3.7987194259303236,2.1443313487265043,0.4453762882535574,4.814650903699915,1.4745743916693292e-06,0.0003957961284902328
CCNA1,90.75133132485252,1.6194693947997334,0.48896064751799057,3.312064893198072,0.0009261006119933412,0.033452089658264225
CCND2,1028.3136325698397,-1.1917575823720836,0.23425875450666336,-5.087355582001034,3.6309068163413946e-07,0.0001235149099539808
CD8B,222.04473611140475,1.3291448994818014,0.27690625055500634,4.799981570722153,1.5868023181724984e-06,0.00041953290178794
CDKL2,22.036612426505826,1.2494646336812747,0.28524877586727937,4.3802629121978285,1.1853620179642985e-05,0.0018597381654211704
CFAP126,87.13508753527425,1.1923499944230804,0.35162418924365335,3.390978296993263,0.0006964361586869163,0.02844926763254107
CFAP221,17.609065351174134,2.23965047673851,0.6096587377437632,3.6736133480626414,0.00023914452036703375,0.014406186992743212
CGA,10.410117654709927,-2.9007094228579233,0.8717919477867441,-3.3272954977642084,0.0008769332840997155,0.03260410546117614
CHGA,28.35689764140888,1.9208021545397758,0.5373129014673307,3.5748297673372784,0.00035045584510150506,0.018531326298200698
CHRNA4,2.654899603964762,-2.229276497447056,0.682885169095155,-3.2644968705366963,0.001096586744227556,0.03727611654127813
CITED1,7.168186149912024,1.1568962293535687,0.2046629565553886,5.6526899094242005,1.579561219627701e-08,8.843684522597916e-06
CLD,1.140030865330289,4.594742855531048,1.2006858106259568,3.8267653493261977,0.0001298381761384606,0.009521784662269737
CLDN14,29.053694443945577,1.0370160240251318,0.31331502410301776,3.309819013607728,0.0009335631453964982,0.03365778037077224
CLDN2,16.468052842227127,1.886008696049033,0.34554913546051497,5.4580043834736856,4.8151577385537793e-08,2.276035552212394e-05
CLMP,89.58929358045043,-1.7049751910331508,0.29134156593373745,-5.852152217170857,4.852521949028884e-09,3.5275532622601666e-06
CLVS1,19.096667224496084,1.2981390102248451,0.3674957329038139,3.5323920633511467,0.00041181830287424456,0.020454368254015063
CNGB1,52.39775473958087,-2.4471244390968385,0.3719444946760382,-6.579273182221105,4.727534798332748e-11,9.999261380118022e-08
CNR1,19.669666193271897,-1.1919003902576337,0.3507882683665826,-3.3977772284336134,0.0006793571618651806,0.0281135715940556
COL4A3,15.647207996605838,-1.127647614167697,0.3490856937071894,-3.2302888216139847,0.0012366522333770859,0.04003556448055477
COL4A4,97.75999949682134,-1.6343638126234492,0.32135178063063213,-5.085902463076805,3.658820619654445e-07,0.0001235149099539808
COL4A6,266.91794036702936,-1.5091596428120873,0.38140199634707433,-3.9568739997856692,7.593695852948343e-05,0.006540886617951343
CPA4,769.0539961581918,-1.128081020264465,0.3498743735529548,-3.224245916638207,0.0012630488480150574,0.040118194629228
CRNN,604.4761027861407,-2.1724221476707593,0.6466782791536143,-3.359355366804757,0.0007812453381007437,0.030474971836241305
CRP,1.9352672580455723,-2.4568425555857667,0.7456507571895776,-3.294897151108408,0.0009845770783524213,0.03464400972923603
CRYBA2,5.591102910315178,2.153374122623661,0.45893393058726384,4.692122284068531,2.703854246612897e-06,0.000620656908224401
CSAG1,14.256377832603722,-4.110782263075938,0.7404093284659647,-5.552040074363951,2.823548419254915e-08,1.452677505646934e-05
CSAG2,25.620277986368432,-2.515351730230308,0.6631080823951775,-3.793275631846832,0.00014867296872854397,0.010560218778793144
CT62,2.4431739523681397,-1.231601638971513,0.37611275090656704,-3.2745543351107083,0.0010582878496324319,0.03662970761054973
CTAG1B,2.3570865732247697,-3.497635021283664,0.9882940905258419,-3.539062972057919,0.0004015500509154648,0.02011554412954418
CYP11A1,18.822878063787215,-2.941881642845526,0.4672643426644976,-6.295968628956218,3.054861551204519e-10,3.4207261463958367e-07
CYP2C9,28.63525949815396,1.6945021231721535,0.478234566379765,3.5432447637558537,0.0003952356886266871,0.01985146851899107
CYP4F35P,20.448007476258145,-1.459600464883547,0.31766949572727665,-4.594713954331431,4.333432989320716e-06,0.0008342861687818033
CYS1,72.6199680945765,1.17237452767137,0.23242697478397079,5.0440553587251795,4.5576734444236143e-07,0.00014705062997974222
DBCCR1,13.731693265745196,-1.4603952283015196,0.3578505878210375,-4.081019503681433,4.483859197169489e-05,0.004556292602493513
DCX,1.332169059706477,1.6460586998296636,0.514125881310011,3.2016647277811563,0.0013663592688841987,0.04186826950256074
DEFB103A,9.51592808502261,-2.754004462167586,0.6750581501980358,-4.079655154685072,4.510255827295025e-05,0.004556292602493513
DHRD,2496.568439737353,-1.1940682048401434,0.3095109151463725,-3.8579195317730557,0.00011435628173135793,0.008767746465146881
DIO1,2.3646040464718063,-1.0506920859635391,0.32590530257056394,-3.2239183519760215,0.0012644944724488757,0.040118194629228
DIO3,46.48809745966106,-1.1066658665052123,0.29753905733105795,-3.719396963988752,0.00019969898971573482,0.01268826445918699
DIO3OS,4.606933235993481,-1.5574612716216918,0.36864530543048823,-4.224823288616019,2.3912834343255052e-05,0.00282735847551679
DIRAS2,12.05276121038373,2.333488965266745,0.49242323195273724,4.738787315158016,2.1500102005989043e-06,0.0005385209760342204
DISP2,51.25188104280026,-1.0236830373797992,0.2391954761074545,-4.279692300367449,1.8715187440348134e-05,0.0024235531164249462
DLL1,363.8456187934216,-1.0470344178657258,0.22478002801249702,-4.6580402499438875,3.1923380611868083e-06,0.0006825378487907567
DLX2,11.693095189992702,2.354139891586892,0.42848248896904706,5.494133254432602,3.9263394871592144e-08,1.966889433620074e-05
DNAH17,98.6221009062935,-1.4948438329223177,0.2505612784858639,-5.965981024504764,2.4316854484787442e-09,2.012589747706147e-06
DNASE1L3,105.99339379778621,-1.2147343293474329,0.35385390021588403,-3.432869691718336,0.0005972290589235502,0.025663323624534315
DNER,29.77292175004136,-1.2832257191276464,0.37037220123457365,-3.4646923145155832,0.0005308384391901114,0.023554873026626948
DOM,3.6988731026941783,-1.43789043472161,0.4065492977454642,-3.53681691911778,0.00040498029439789776,0.020234133554221476
DRD1,2.2459415665920464,-2.2163093032182815,0.5313018255982684,-4.171469391663813,3.0264171438093627e-05,0.0033888751029150016
DSG1,157.31782099716116,-2.265351251146513,0.5206016391243674,-4.351410139539225,1.3526475755002953e-05,0.002027480255686899
EDN2,796.8171167015731,1.153036684130019,0.32063301712068454,3.596125859040968,0.00032299157369453064,0.017668010335773233
EGR3,214.5667826284708,1.0826538352050332,0.2476009702197327,4.372575092271389,1.2278956209818692e-05,0.001869937683280869
EGR4,15.352769575416856,1.4437886174614902,0.3258874208880621,4.430329386531958,9.408926264159088e-06,0.001552463617118842
ELOVL2,32.79012968832364,-2.0298002759279474,0.35391047961429856,-5.735349453737792,9.731149556962594e-09,5.9755536440754825e-06
ENKUR,27.301582772901913,1.0009012844268654,0.30950046203487513,3.23392500885534,0.001221015118516465,0.039800074993286694
EPGN,17.987819240979935,-1.9010696497942676,0.5011162309609106,-3.793670075600804,0.00014843687652497535,0.010560218778793144
EPHA7,31.612636555354815,1.5707983837011554,0.48404234524736167,3.2451672857225446,0.001173816449269411,0.038812734332415194
ERICH3,24.51761674184249,2.060972048101524,0.603480340906202,3.4151436399845507,0.0006374838448376405,0.02708737158555653
ESRG,8.76133515467513,-3.3388464113646674,0.6445262292740057,-5.18031114905214,2.2151609168538825e-07,8.433560642646102e-05
FABP2,1.0433273151033973,2.7935767300839496,0.6396020904072354,4.367679174258602,1.2557376971169328e-05,0.0018971605398665026
FAM101A,61.32231123795677,-1.1421539266462875,0.35903554744931737,-3.181172267649954,0.0014668037995441518,0.04315693327331639
FAM107A,162.80872015052717,1.3255025490067331,0.3320163897059091,3.9922804719996705,6.544090627371473e-05,0.0058485121681992195
FAM149A,87.45285028497955,1.0104594249866021,0.27536522763560384,3.669524411861336,0.00024300213275318738,0.014500904699340674
FAM181B,37.057649379241,-1.1494745327125886,0.3554120449519773,-3.2342025236311382,0.0012198292224850189,0.039800074993286694
FAM184B,3.1927603172342587,-2.5541953095393857,0.6661306124151648,-3.8343761147363202,0.00012588339759293527,0.00936061076788717
FAM228A,8.643518973305905,-1.8529171986102433,0.526215267276813,-3.5212152019061906,0.0004295738366652327,0.02091398351600862
FAM66D,17.216663948993443,1.036158580420424,0.3052947885512331,3.393960916717519,0.0006888952339297698,0.02829185044091305
FBN2,481.53613531291717,-1.9916127224714173,0.38056076578667447,-5.233363240570698,1.664531734002909e-07,6.466535936424362e-05
FDCSP,168.48990559189312,2.459387829890527,0.6575246631277775,3.7403735065867663,0.00018374700111183678,0.012014406105106873
FGA,21.696172047746195,-2.916065747653053,0.6476485506751424,-4.502543462211404,6.714501792279078e-06,0.0012173072011221384
FGF2,94.54340274323769,-1.234373262062767,0.2521684237483124,-4.895035007613747,9.828823022073896e-07,0.00027514922801205686
FGF8,1.7697191318151309,2.0595154300489598,0.401690503935426,5.1271200336367375,2.9420795302276673e-07,0.00010371375173595163
FGG,11.38478968987912,-4.78346830849379,0.8118777960992873,-5.891857532594478,3.818783524686447e-09,2.9077745270372482e-06
FIGN,30.525532103794294,-1.052757225901863,0.31309732713355903,-3.362396081563432,0.000772692033752999,0.03026536122329648
FLJ26850,3.267931464138183,1.0222661520165128,0.311495664499759,3.281798973536929,0.0010314711230313077,0.03602767761105316
FMO9P,5.586815346696202,-1.260094705006645,0.3926170915753566,-3.2094749109127614,0.0013297765129515104,0.041227403421082984
FOLR3,5.2011724028022535,-1.757457258113468,0.4334045066259061,-4.0550045771222685,5.013332110493401e-05,0.004898084244009367
FOS,8570.853540740152,1.070994888809363,0.23293721037103587,4.597783613461415,4.270091396494288e-06,0.0008342861687818033
FOSB,2405.0344952267033,1.5292226514215923,0.30476962106664585,5.017634782855171,5.231150044521264e-07,0.000158063765472233
FYB2,16.751383394686336,1.6379073385773795,0.4910435987611789,3.3355639758048907,0.000851265642785207,0.03221608901801034
GABBR2,5.640991555441045,-2.023257117425989,0.4582626364513153,-4.415060178358954,1.0098189459379196e-05,0.0016429840559721571
GABRA3,29.974176303268383,-1.4487459265363503,0.3896338946037746,-3.7182235596048563,0.00020062868261269614,0.01268826445918699
GAGE12D,18.528169866850163,-7.474274976185635,1.858066609297333,-4.022608736837582,5.755706720941281e-05,0.00537933407490615
GAGE2D,5.965189757910849,-4.959925542097961,1.46572797588341,-3.383933187949531,0.0007145538885391829,0.029002660601773745
GAGE4,9.641247112668228,-5.654201229221283,1.434711370473662,-3.9410025915906557,8.114174943899527e-05,0.006804468468373189
GAL3ST3,0.982094395019607,-2.2750989484372575,0.7075448590049671,-3.2154836820336303,0.001302248983158254,0.04077238757138244
GATA4,22.70539803191407,2.4964093736062196,0.6851657962929972,3.6435113765350318,0.0002689437592741955,0.015561134959099044
GFAP,8.754955636099226,-1.8230087074317018,0.40831103156082843,-4.464754969913463,8.016043732580507e-06,0.0013872128044854777
GNMT,9.599616144112153,1.0447310001455248,0.23775186741681156,4.394207336819645,1.1117766875779747e-05,0.0017935407648079938
GPR141,7.8066518913060685,-1.0405640428059628,0.29625037096971063,-3.5124480668155944,0.00044399876786393365,0.02145167651029909
GPR156,13.041202106289523,-1.1706240440361355,0.30275049961814615,-3.8666296026352494,0.00011034983226583719,0.008504532012196262
GPR176,81.78510264815127,-1.012244292389887,0.23108455474377967,-4.380406529169534,1.1845809846285568e-05,0.0018597381654211704
GPR20,3.494357764753596,-1.118782912011216,0.3292357847460569,-3.3981206291841737,0.0006785049512894607,0.0281135715940556
GREB1L,5.900177046230013,-2.171471213307046,0.5058711531257601,-4.292538129303483,1.766422043007772e-05,0.002368000704978588
GTSF1,10.021312913994247,-1.8350389313535405,0.42837705464251485,-4.283700332374011,1.8381044293804876e-05,0.002396586021759381
GUCY2C,5.073181639760423,1.3175335919957618,0.34433073564982675,3.826360692167925,0.00013005169217220695,0.009521784662269737
HAL,16.97084541303889,-1.8172082842507888,0.31079006558942524,-5.847060396877177,5.0033587981206395e-09,3.5275532622601666e-06
HCG22,11.269516082593356,-1.6492648914849521,0.4728100596048541,-3.4882187000490372,0.00048625017456202816,0.022272455614183572
HES6,611.3368159618861,1.141455065350521,0.2475335899673607,4.611313824119915,4.0013192841967744e-06,0.0008053106629484528
HES7,4.408880826778564,-1.226796790096466,0.3774481219959485,-3.2502394861819823,0.0011530786049612507,0.03830716286918389
HRH2,14.76665317158218,-1.0655315282189946,0.28838299238728393,-3.6948487128118814,0.00022001774979629136,0.01355423263793593
HSD17B13,5.978324181776724,-1.122699119399447,0.3054656407940993,-3.6753695652343703,0.00023750536029053905,0.014352863614256195
HSD17B2,151.63701517156807,-1.8182290296334305,0.35457777874016283,-5.127870776600025,2.93037462057259e-07,0.00010371375173595163
HYDIN,33.300978302509115,1.2657573599995102,0.3900611979780629,3.2450224902162574,0.0011744134784340801,0.038812734332415194
IFNK,3.4252838726606814,-3.128934147215553,0.6762251645932305,-4.627059611272675,3.7089378700259206e-06,0.0007591757128367035
IGFBP1,3.9164043356449554,-2.0379339830050687,0.5873703359845327,-3.469589555606591,0.0005212542592940481,0.02329247906084859
IL1A,314.0544434392759,-1.2396260399330947,0.355160975408702,-3.4903216450134855,0.0004824395178356727,0.022272455614183572
IL24,67.52649884240898,-1.143349007389258,0.35297659869581866,-3.239163762169263,0.0011988072084533634,0.03934567934503143
IL6,146.9169813787521,-1.0631928266065542,0.33570142971309397,-3.1670786374523585,0.0015397867438463031,0.044210226931912865
INA,132.8334309278051,-1.276793219223495,0.39803947384145616,-3.207705022070391,0.0013379865472138018,0.041414490915060054
INHA,23.60474772732295,-1.557729204993382,0.36238547071425037,-4.298542107450243,1.7192524181607683e-05,0.0023376920737220273
INHBA,180.28026855074384,-1.0510903165107397,0.3117905722189246,-3.3711420747280125,0.0007485724159854471,0.0299366061149138
INSL4,5.4835694374435855,-2.7892206951065304,0.7996695827887498,-3.4879664740772864,0.00048670910305398363,0.022272455614183572
IQUB,9.636825551979832,1.0992887203070025,0.27364455871226306,4.017213883148699,5.889027021070862e-05,0.005441918367626453
ITGAD,7.003532004437547,-1.0945162354426707,0.3286192649576923,-3.3306514625172174,0.0008664301286852677,0.03249105895870234
ITIH3,7.225880413375137,-1.0397045830617313,0.2991915088562188,-3.47504709286846,0.000510763676132717,0.02304004108735166
KCNB1,1.176426543307716,-2.2435555819799653,0.643229239948919,-3.487956458817285,0.00048672733428768467,0.022272455614183572
KCNG1,253.96284428053536,-1.1832750395001252,0.32040197748262983,-3.69309530732929,0.0002215409459008441,0.013560300469995075
KCNMB2,7.843800077780313,1.1187486294156372,0.2595245684090635,4.3107619300699955,1.626929896675377e-05,0.0022683293296587403
KHDC1L,11.299010191042301,-1.216637788151891,0.38220079885457386,-3.183242399801518,0.0014563563671415275,0.04304844690202814
KIAA1045,14.542565009012494,-2.0405783977768133,0.3232123248542173,-6.313430029926001,2.729177492133207e-10,3.2470389212654834e-07
KIAA1644,90.78385983502943,-1.1829302831342319,0.2648403261608534,-4.466579165952875,7.948025893204413e-06,0.0013872128044854777
KIF1A,99.29068161551976,-2.524714688911845,0.6143254052378212,-4.1097351133223325,3.961132301085762e-05,0.004165973175882241
KLF17,1.5405842168541277,-1.7431767900096218,0.5437878731334975,-3.2056190954844617,0.0013477226215602327,0.04164812958444901
KLHL38,1.167305044309844,-1.4569052685754516,0.4310863164384324,-3.3796138105523146,0.0007258774689112597,0.029337162416549344
KLK14,27.428033356143228,-2.862138411083984,0.39853763946628834,-7.181601253314213,6.889962772607268e-13,2.1859555223225326e-09
KLK5,504.7329087971713,-2.343803792229343,0.49020809651977565,-4.781242514901609,1.7421504105770606e-06,0.00044815642183439083
KRT1,1379.1274468237145,-4.313772348253294,0.5181243481125337,-8.325747214868132,8.379845601880637e-17,5.317291362579993e-13
KRT10,3761.5725952998523,-1.3608380160668727,0.27602171618875593,-4.930184605968724,8.215194803791556e-07,0.00023340962430593438
KRT3,13.5958026263245,-1.881209556730859,0.4284379640250702,-4.3908563542253685,1.1290511332281118e-05,0.0018061023001790196
KRT6L,28.085395572531482,-2.881418276296862,0.44804146406054596,-6.431141997847508,1.266487751769207e-10,2.2234465815550257e-07
KRT77,8.829601099292447,-1.8831807730696162,0.5376663976373001,-3.5025078400751677,0.00046090021913156,0.021825115849224818
KRT81,596.7619122711117,-3.170213589815667,0.38452258310090714,-8.244544609708225,1.657903987985035e-16,7.889965078820781e-13
KRT83,7.195332630816313,-1.4534080833073977,0.44202545557094763,-3.288064216641291,0.0010087882638174913,0.03543043060891101
KRT84,4.545875749101119,-3.2671959232753,0.598955409629476,-5.454823298609896,4.902156841810682e-08,2.276035552212394e-05
KRTDAP,336.1003380523686,-2.8539379109330665,0.5679127562598593,-5.025310453895128,5.026187790671214e-07,0.000158063765472233
LAIR2,9.146531409666856,1.3982893486930266,0.30997806242844045,4.5109300243330175,6.454401203207233e-06,0.001181403666387047
LAMA1,140.69943095030868,-1.9769201924297104,0.3758430737962695,-5.259961750688865,1.440853700750548e-07,5.8357640526569004e-05
LBP,14.425847615143194,-2.3181316557063414,0.6631625255329792,-3.495570944457808,0.000473048680093155,0.02217609529414795
LCE3A,2.0164872519398376,-2.8056447375687257,0.809597698641996,-3.465480129544416,0.0005292856372593693,0.023554873026626948
LEFTY1,54.706429615226206,2.0717271315396957,0.39043815759623846,5.306159480657418,1.119590125673637e-07,4.843754007346217e-05
LGMD2L,26.53051047642056,1.3591160395152018,0.3607255557266431,3.767728728776667,0.0001647395767222709,0.011445191906880106
LHFPL3,2.8943218385746436,1.9651858448049069,0.48822470374316373,4.025166751575757,5.693495621590394e-05,0.005365414982801719
LINC00313,3.894177235431366,-1.4140821144823141,0.37718795637984004,-3.74901184028869,0.00017753270468745072,0.011837929254516315
LINC00470,2.3725522897823614,-3.6801370690075768,1.0812546475695632,-3.40358034740453,0.000665088492678988,0.02770377362502673
LINC00473,26.595290503019,-2.9350726950825874,0.6231610657866927,-4.709974445173793,2.4774785301322513e-06,0.000596978244298703
LINC00518,5.349053345052934,-1.2365749360650737,0.34185050891168034,-3.6172973385409004,0.0002976952551260901,0.01668685016073501
LINC00964,13.083496523017951,1.2622246779132644,0.4000750759144299,3.1549695392252715,0.001605148630084229,0.045402094089574116
LINC01059,94.79004906498278,-1.1939003441549578,0.34290430888597234,-3.481730363884029,0.0004981850623806739,0.02257964487494883
LIX1,3.6496279126697426,3.7612285196150204,0.5920113581030676,6.353304658996426,2.107377525940861e-10,2.8654313274150164e-07
LOR,3.4010207100506937,-1.7585854880365501,0.5365621418232127,-3.277505718277029,0.0010472860922602187,0.036379813963988185
LRPDIT,8.851340168609863,-1.8276742296092725,0.4690327402078175,-3.896687955726657,9.751713254610821e-05,0.007899302702756239
LRRC10B,52.307527259343786,1.0141234582585463,0.3174842936053411,3.1942476484181124,0.0014019579485308419,0.042294249616851194
LRRC19,4.8016371558740305,1.512910574359719,0.34548703117874907,4.3790661814363885,1.1918893474542067e-05,0.0018597381654211704
LRRC73,20.951878148952442,1.0115306989886816,0.24504453384272815,4.127946390503415,3.66017416532989e-05,0.0038924623134759654
MAEL,5.65055220748425,-1.8842702910249418,0.5842086745858924,-3.2253377482978642,0.0012582413349339976,0.040118194629228
MAGEA1,36.06262295099268,-4.7122788322055476,1.10498699130458,-4.264555935307522,2.0030016274477642e-05,0.002540667550946966
MAGEA10,6.152584241049618,-3.0333492191730174,0.8607626263307132,-3.5240252380655477,0.0004250437619887912,0.020746495008252895
MAGEA12,11.309643334313202,-4.315929376671245,0.936741322831622,-4.60738655536714,4.077615385564308e-06,0.0008085571508291891
MAGEA2,7.658696408306362,-3.4640174564818023,0.9118284197099141,-3.7989794807929247,0.00014529311952528377,0.010397743696553765
MAGEA6,114.3532933582215,-4.32005133328557,0.7494190571573596,-5.7645335970932825,8.18839658658674e-09,5.37497646283673e-06
MAGEC2,8.156339245136929,-4.963136080598719,1.134109082028813,-4.3762422497491515,1.2074281775908213e-05,0.001868666893383648
MAMDC2,39.85256832740071,-1.3430012737310153,0.3184337747228457,-4.217521445078869,2.4700233531608338e-05,0.002867034423827417
MAPK4,58.682443906394134,-3.493827557960567,0.5026591020878066,-6.9506899277241185,3.635040461508623e-12,9.88523288932545e-09
MARCH4,6.313203075331033,-1.3230413767984324,0.3895446738407707,-3.396379069321419,0.0006828372278736484,0.028196289522348744
MED12L,11.0166918327811,-1.0490184752030194,0.25333710179899804,-4.1408008055422085,3.4609541700644004e-05,0.0037470915091377534
MEP1B,0.47368618478787844,1.8818778607032507,0.46578199203806303,4.040254653188624,5.3393195109418126e-05,0.005081964310514418
MIA,101.2629233101931,-1.3894055741419191,0.4308805065000161,-3.2245728297802843,0.0012616076203418151,0.040118194629228
MIC5,377.0782670218341,-1.4351072639141245,0.36983843030875474,-3.880362737631252,0.00010430079454088273,0.00824518992395686
MME,691.9208496697805,-1.5744710261331667,0.3719647666911809,-4.232849901722954,2.3074851429474006e-05,0.002762596678059542
MMP3,606.9667679244374,-1.7437888869199605,0.3593908924237711,-4.852067550069672,1.2218099038122412e-06,0.000337077874332896
MRGPRX3,12.2285171815331,-1.7839150326591815,0.5060377485923776,-3.525260788590214,0.0004230660767154743,0.020736777867465965
MUC12,16.5734266184654,2.6477878934879593,0.3495380910789756,7.575105435046022,3.5883608721446356e-14,1.3661607512429056e-10
MUC6,347.92722693427356,-2.2790752938641026,0.5621541335624778,-4.054182221201805,5.030998938313657e-05,0.004898084244009367
MUCL1,22.208437897330487,-2.3692831007878867,0.6087831153424313,-3.891834449868408,9.948912410004667e-05,0.008024893925290206
MYBPC2,7.17957480673492,1.467912314113353,0.3908544035045352,3.7556499324340358,0.00017289221918231424,0.011663752897894007
MYH16,4.052352233627816,-1.448669595414809,0.4070221318557848,-3.559191213533564,0.00037199862521369994,0.019157201742810145
MYOCD,6.249432021532278,-1.0659040511493816,0.3197447232536402,-3.3336095129358685,0.0008572691664091299,0.032375272142440056
NALCN,4.663041622401204,-1.2530983749418296,0.39619993405129494,-3.162792992236072,0.0015626340355876418,0.04459715367533186
NAPSA,13.021043978667912,1.1822845929681598,0.22302556301494292,5.301116952629084,1.1509632440172585e-07,4.868830291802785e-05
NEB,38.39527037246482,1.4189381811468227,0.25349845975829793,5.59742328414828,2.1756107142137403e-08,1.183283587307793e-05
NEFM,78.39339517417497,-1.3596769536701268,0.41952987478701603,-3.24095382804478,0.0011913047773306272,0.03916697364640038
NKX2-2,6.9419847836861,-3.188547325368267,0.9535673779515503,-3.343809151921589,0.0008263656421022474,0.03157504347307002
NLRP10,1.8033425829688214,-2.874089847624802,0.7940488802138016,-3.6195376874669716,0.00029512982685890013,0.01662157214226634
NME5,14.561104582383228,1.469288976951433,0.46752190326522275,3.1427168795510165,0.001673876579121229,0.04685869788257605
NOS1,6.073163816953834,-2.2756397396712877,0.6482748241666301,-3.5103009631704687,0.00044759976360685664,0.021516437121262937
NPBWR1,12.247056804184556,-1.7660757630161592,0.43907791847893557,-4.022237713830479,5.764783312044835e-05,0.00537933407490615
NPY4R,13.432774997252363,-1.0224017057169277,0.3112692677397049,-3.2846214248555325,0.0010211948429410015,0.03580011976100351
NR0B2,1.7255147085652514,2.0162327349181597,0.5548330718004635,3.633944761755774,0.00027912064488283837,0.016004037939728044
NR4A1,2084.3025906998846,1.0337375348275557,0.25307174947058525,4.0847606933215115,4.412226536894447e-05,0.00452195299867287
NRCAM,202.93043483958047,1.103927525541841,0.3344246153467716,3.3009756904322267,0.0009634923028933773,0.03428231678108099
NRG1-IT2,103.09427808617548,-1.3129293740494279,0.31748863758900076,-4.1353586195076915,3.544007504162357e-05,0.0038115099914821826
NRG2,8.815717198452141,-1.2231994046860808,0.33387037655869545,-3.6636955254730084,0.00024860228161436323,0.014788728227534432
NRXN3,29.886465454243744,1.5716765243992195,0.3633096518862154,4.325997165887163,1.5184337433525983e-05,0.0021733011081548916
NTNG1,11.016464453564774,-1.6591376173349914,0.3745945633584404,-4.429155624843928,9.460274195513011e-06,0.001552463617118842
NXF3,9.87373949182129,-1.780004208055956,0.5222397064834713,-3.4084045811868813,0.0006534393359542275,0.027477407612934573
NXPH2,5.116233563887154,-2.803845764591917,0.6322238055079399,-4.434894320911021,9.211746540993744e-06,0.0015503306699359784
OLIG3,1.9068554088905592,4.794068925872219,1.254100044911622,3.822716493252389,0.00013198950573543273,0.009618807872190169
OLR1,360.5211754544248,-1.0883003321206106,0.303913355479904,-3.5809559287122985,0.00034233940119904094,0.018311463276118833
OSBP2,645.4673232874377,-1.6404013252583767,0.25515823338224836,-6.42895705740727,1.2848241435756086e-10,2.2234465815550257e-07
PACRG,9.650746981363895,1.481581409767309,0.4365711506305042,3.393676855714312,0.0006896101389253864,0.02829185044091305
PAEP,17.47826782830431,-2.2546988117180766,0.6425829820245843,-3.5088056714701716,0.0004501236603710111,0.021583259442878006
PAPPA,83.66646656310681,-1.0706401620243073,0.28547525685049674,-3.750378137272335,0.00017656810024278672,0.011835036465569325
PAQR9,1.8154285305425102,-2.4193035652369748,0.5757869252911434,-4.201734111995801,2.6487813019250423e-05,0.003019293464876952
PBLD,127.7122413370894,1.075911970131673,0.18697687317642456,5.754251591941436,8.702646806582755e-09,5.522119487003644e-06
PCDHB6,9.388069238266583,-1.1073649072115679,0.2876784656695865,-3.849314562472095,0.00011844881576567099,0.008983233692889692
PCOLCE2,101.08710568164541,-1.0596624606838196,0.3333492199861925,-3.178835878865147,0.0014786778992039802,0.04315693327331639
PCSK1,38.03578374708158,-1.2061372879855237,0.2974274417329587,-4.055232028887362,5.008456112328343e-05,0.004898084244009367
PID1,103.06713292675128,-1.0881414809358996,0.2623249102170462,-4.148067676971955,3.352932919311651e-05,0.0036681856926446313
PKHD1L1,14.00274197797261,-1.687609589172591,0.43124235859502635,-3.9133669398126116,9.101806384972964e-05,0.007500518889365599
PLA2G4D,42.708088845149746,-1.3911559957007855,0.330623489311353,-4.207674411150847,2.580122511752608e-05,0.0029587477188989545
PLP1,5.336690112744788,-1.9405940351633189,0.45648452832016,-4.25117153982109,2.1265520898017666e-05,0.002594938819324771
PLZF,5.705208909345159,-1.3016629629031022,0.3389423613773835,-3.8403667148993845,0.0001228506580108302,0.009243419469937408
PNMT,38.65827599917288,-1.5569999648344266,0.47074154098316023,-3.307547410374231,0.0009411677932414134,0.03380390587196895
PNPLA1,10.300508602222594,-2.162365204668105,0.3539975159386399,-6.108419147898536,1.0062281133316345e-09,1.0641421314100554e-06
PPP4R4,42.438443546430385,-1.396242211967482,0.37137824313606965,-3.7596230737079326,0.0001701695477409076,0.011663752897894007
PRDM16-DT,5.556619924280273,1.5406973128417494,0.3619725918179687,4.256392190093072,2.0775214494750215e-05,0.002567184832591091
PRTG,9.554782311189998,-1.4288794616038452,0.3203527685430611,-4.4603312407827005,8.183307527990347e-06,0.001403400379304723
PSAPL1,21.18300543002961,-1.6334749260011368,0.46960730519322613,-3.4783848290627035,0.0005044451566134176,0.02280906888668175
PTGS1,927.1333984888986,-1.0577575281687988,0.24948751943395844,-4.239721211580672,2.237975565877944e-05,0.0027135097370734104
PTH2R,12.896058564939686,-2.614565023341009,0.6095212664622899,-4.289538638276156,1.790446636898835e-05,0.002373750428959971
PTPRD,52.05837626869265,1.2129615579399442,0.3669680504469493,3.3053601163987323,0.0009485443931379759,0.03387709393578707
PTPRR,47.462808297350364,-1.2497100801651722,0.37124079781856273,-3.366305878848869,0.00076182181019661,0.030169658401604224
PTX3,27.871172719507026,-1.3114224776937689,0.3505452697134252,-3.7410930655714507,0.00018322165361050582,0.012014406105106873
RAB40A,4.1162681736109885,-1.0091242745331044,0.28920497177327864,-3.4893047251075764,0.00048427874365629376,0.022272455614183572
RASGRF1,56.90937510969216,-1.1490756087053766,0.306628928567536,-3.7474468376922534,0.00017864368318046788,0.011837929254516315
RCAN2,89.36408197025061,1.7761292067527743,0.20662297206261515,8.595990992785328,8.254927804018743e-18,7.857040283865039e-14
REN,12.443324651631503,1.0520875716181792,0.33562149951508025,3.134744267391328,0.0017200398625367565,0.047869413484283176
RET,57.71727137983425,-1.479787579989975,0.3176701225657059,-4.658252302855142,3.1890521748664626e-06,0.0006825378487907567
RIMBP2,59.08568959096593,1.8528528227191723,0.393334277185909,4.7106314658750765,2.4695043976125467e-06,0.000596978244298703
RNF182,82.36497013112388,-2.332038665375151,0.41846389206238316,-5.572855172478056,2.5059789323818068e-08,1.32510597102278e-05
ROBO2,67.99716881726216,1.066792048821903,0.3357916847269269,3.176945997603965,0.0014883474695332878,0.04318930248481047
ROS1,37.97860249881332,-1.981066787028682,0.50432719802243,-3.92813791284081,8.560611771460421e-05,0.007085208942674808
SAMD11,76.49595904954435,1.423682603059622,0.33209642394091726,4.286955535880467,1.8113853251935152e-05,0.002378036624164397
SCA12,112.11851980406901,-1.2981849036797077,0.3191650811696543,-4.067440269224342,4.753238685933703e-05,0.0047622448223912615
SCARA5,6.010191719902939,-1.8350328449209241,0.42683054005006305,-4.299206998416028,1.7141032199754104e-05,0.0023376920737220273
SCGB2A2,56.34609240191081,3.1996478197045044,0.9372062263281387,3.4140274891688884,0.0006401011708353901,0.027138008659292844
SCTR,1.2513941597471272,2.139762527815998,0.5013859108503116,4.267695763901956,1.9750242983857233e-05,0.0025232592311456798
SDPR,150.74540234927446,1.4806433619412285,0.2508583359515155,5.902308792430955,3.5844944265094136e-09,2.8431014959597162e-06
SEC14L4,15.097789518964149,-1.8781019324340924,0.47146852880393136,-3.98351494891642,6.790339805963577e-05,0.006016591058809536
SERPINC1,3.829137816044362,-1.591566219593154,0.38103439974610226,-4.176962029290991,2.9542831841283053e-05,0.0033276766090571844
SFRP1,1441.1328235497924,-1.5453169836625904,0.3045750183702671,-5.073682641246606,3.901896049863028e-07,0.00012806291931929758
SFTA1P,10.940396396142061,-2.8334984724775794,0.7923497739971058,-3.576070272833736,0.0003487979277389621,0.018495034407907753
SLC12A3,4.818338762039343,1.3664227810455665,0.29740703375380007,4.594453479458461,4.338849060170126e-06,0.0008342861687818033
SLC14A2,0.7982959146394843,1.8281962203668056,0.39506917506874084,4.627534456589038,3.700446806171548e-06,0.0007591757128367035
SLC1A6,52.99106768061734,-4.469399058829892,0.743575705942264,-6.0106846190815775,1.8474149065053829e-09,1.674637626677927e-06
SLC23A1,17.685675135457977,1.2857537836281474,0.3247172005785723,3.959610951736545,7.507196077629903e-05,0.006495772024261947
SLC35F3,29.496835087336994,-1.8021081113099437,0.39087885930513344,-4.6104005586630015,4.018938483930606e-06,0.0008053106629484528
SLC5A5,60.11984913345778,-1.423938926305418,0.40603532410334375,-3.5069336133498537,0.00045330222362524857,0.021626719621379027
SLC6A14,1554.4316259403627,-1.2497388442057331,0.3543785198452382,-3.526564885342121,0.0004209879960172549,0.020707822977220836
SLC6A2,49.27710077015051,-2.335956243438301,0.411121140123994,-5.681917117504046,1.3319320875170609e-08,7.923331005617117e-06
SLCO1B1,2.487149272816419,-2.328645172198385,0.7367314066342789,-3.160779018281148,0.0015734782308451964,0.044722920018737435
SLCO4C1,33.08015830084102,1.4336098658278118,0.40559135582977296,3.53461641926486,0.00040836749772904,0.02034995729520944
SLITRK2,4.3366448451122945,2.218540216584653,0.4421148387057837,5.018017995231857,5.22072878738208e-07,0.000158063765472233
SMIM24,53.204629302976265,1.6231290892291175,0.3979270839412916,4.0789610829017775,4.523740816722389e-05,0.004556292602493513
SMOC1,806.1703286992198,-1.3870035725460939,0.4312966581511742,-3.2158922317917287,0.0013003965538673015,0.04077238757138244
SNAP25,24.50109093800273,-1.2902059424515364,0.34983497802014524,-3.688041572496047,0.000225986734174037,0.013788088050439
SNTB1,230.83604962842495,1.1755264863708943,0.227231072480256,5.17326470160913,2.3003876063068293e-07,8.586309504638588e-05
SOWAHA,68.0775459415453,1.0512920094200724,0.30085427678934257,3.4943562067298926,0.00047520651985324556,0.02217609529414795
SPEF1,20.74634792049731,1.1379924954261433,0.3516341012722047,3.23629730822156,0.0012109119031782755,0.03960639001529493
SPINK6,95.36572877778639,-3.8298127393337413,0.6412599577146848,-5.9723247853840515,2.3389629502505928e-09,2.012589747706147e-06
SPOCK3,16.147364371779588,1.9911651942474002,0.4974918487760678,4.002407675916854,6.2701137926791e-05,0.005683708864639968
SPRR2G,61.30880890037279,-2.0883690418339818,0.5768890474967466,-3.6200531989572213,0.0002945424514651748,0.01662157214226634
SSC4D,135.4996705680157,-1.0564950958570998,0.2813632161813245,-3.754915479698816,0.00017339998266988884,0.011663752897894007
STEAP4,1694.4265002907837,-1.3454059766269102,0.31187224682227843,-4.313965062090295,1.603522987067546e-05,0.0022610861912457634
STOML3,2.501092667198792,2.5519824572855936,0.5685302570284544,4.488736396588774,7.164688799571924e-06,0.0012866699621570863
SYCE1,13.73682805548678,-4.899999447441236,0.7681600118804783,-6.37887858214058,1.7838939281640385e-10,2.807934094282698e-07
SYCP2L,12.91533500073668,-2.1705402014050077,0.5048068048912073,-4.2997443385748095,1.7099525703074907e-05,0.0023376920737220273
SYT1,72.17647275484119,1.2884039521672468,0.36993753379448535,3.4827608297864825,0.0004962715160220821,0.022576346604298518
SYT2,34.62019008620857,-1.1244587839944715,0.2715709561885157,-4.140570846662664,3.464425854214355e-05,0.0037470915091377534
SYT5,28.96139700554798,1.6809795836382582,0.43659665298500105,3.850188892071069,0.00011802676415537613,0.008983233692889692
SYT9,1.131363247101754,-1.8327140630119299,0.5543830352063246,-3.305862457226616,0.0009468455379739044,0.03387709393578707
TCERG1L,7.666929255930596,-2.4613943526989646,0.5272640647607959,-4.668238397425446,3.0379327543261214e-06,0.0006724428826901401
TCHH,171.3105379989529,1.688333526927887,0.36046501059455704,4.68376535115883,2.816524237335219e-06,0.0006382780402608718
TDRD1,2.5385313260904647,2.3152872065887022,0.6086806105354456,3.8037801213217297,0.00014250468036432144,0.010236675831755557
TDRD12,3.1289332234603235,-3.228293655750086,0.7454843634147335,-4.330464613587203,1.4879505710653698e-05,0.002145805081121241
TEX14,5.000292038689492,-1.1050853933729348,0.23777631641487534,-4.6475839563632855,3.358454185824671e-06,0.0007025443283665763
TFPI2,270.6689862235195,-2.3994578405219587,0.4235495910727147,-5.66511665008318,1.4692454941906526e-08,8.475320371943414e-06
TGM3,104.62314505847982,-1.6597579093925683,0.5221202451913075,-3.178880582928602,0.0014784498734671193,0.04315693327331639
THSD3,20.76210067306452,-1.3326018932613972,0.34548292653783025,-3.857214903832528,0.00011468632432346991,0.008767746465146881
TLL1,51.7936199461398,-1.0194903483305626,0.31756255897426916,-3.2103606660165744,0.0013256852105579249,0.04116760794156714
TMEM232,4.432623117536679,1.4128632015660165,0.3098533863654583,4.559779765968436,5.120729549939403e-06,0.0009556687030651615
TMEM255A,78.55161441199834,-1.059366836719983,0.2853713325531991,-3.712239863906075,0.00020543315906383349,0.012863900052431364
TMEM52B,45.70237409344771,-1.1511874219328926,0.3286122230115437,-3.5031789486797416,0.0004597404929640494,0.02182448883806395
TRH,1.6972850976616627,1.9303905147878346,0.5130628856131411,3.762483252868509,0.00016823457696206744,0.011603309445833028
TUBA3D,2.3590685354132535,-1.0968742885766898,0.30112040929482664,-3.6426434566337926,0.00026985249762571223,0.015566400438797146
TUBB2B,56.50594639438903,1.3275755030260878,0.3281557543477954,4.045565209315387,5.219703303069009e-05,0.0050182965695566495
UGT2A1,11.441160682107963,-2.7470177433780405,0.830201936211857,-3.3088548984991,0.0009367837341424657,0.033710047567364794
UGT2B15,6.2598265221281375,1.5843931761967582,0.4842878016027823,3.271594227550446,0.0010694294451956317,0.036801010559323895
UNC5CL,68.59481627298705,1.1489967126423188,0.2386570152820804,4.81442672566848,1.4762305695947954e-06,0.0003957961284902328
UPK1B,72.02231211959436,-2.1718589957012817,0.5196486612154688,-4.179475783929202,2.9218182896094442e-05,0.0033106983905360344
UPK2,50.05855930492858,-1.236683201915605,0.3503843315129961,-3.529504862775907,0.0004163380532176347,0.0205321533187847
VGF,18.60811930670767,1.0092433622766384,0.25945409451362056,3.8898725578742255,0.00010029688030732515,0.008055913137258404
VTN,20.306894540047807,-2.6905200401353064,0.40664809639832433,-6.616335017832862,3.6821338716920673e-11,8.761637547691275e-08
ZDHHC11,95.13056945645484,-1.0742166313419863,0.2548514290423014,-4.215070071918972,2.4970064787506794e-05,0.00288078880784836
ZFP42,7.885254569063451,-4.466252492832103,0.9518973322865427,-4.691947693669615,2.7061632371624965e-06,0.000620656908224401
ZNF114,87.3656056540247,-1.0616258569708317,0.3154405507899043,-3.3655338678314566,0.0007639568801862566,0.030169658401604224
ZNF229,26.226108647316295,-1.4953265201091863,0.35425844335594875,-4.221004603147101,2.432159695703906e-05,0.0028579377757666394
ZNF334,36.265963110897076,-1.3975478153418586,0.29908494572099764,-4.672745436828389,2.9720003570154905e-06,0.0006655882211311397
ZSCAN23,7.27535811165319,-1.4341186798206171,0.41637649102709734,-3.4442835047747358,0.0005725749775234979,0.024941732888186054
